col,Original,Random #1,Random #2,Random #3,Random #4,Random #5
0,0.023509329409277194,0.012086479496231874,0.014095059832332427,0.011693339521319391,0.012980289944920625,0.016815631800597097
1,-0.00025331590017697246,-0.0002533159001770396,-0.00025331590017714056,-0.00025331590017694915,-0.0002533159001771666,-0.00025331590017702883
2,-0.00018482920183167416,-0.00018482920183166842,-0.000184829201831614,-0.00018482920183167538,-0.00018482920183179942,-0.00018482920183173821
3,0.0,0.0,0.0,0.0,0.0,0.0
4,-0.00029185228471661546,-0.00029185228471657936,-0.0002918522847166003,-0.00029185228471663026,-0.00029185228471659074,-0.0002918522847166202
5,-0.005760043343432026,-0.005760043343432077,-0.00576004334343192,-0.005760043343431937,-0.005760043343431895,-0.005760043343431801
6,0.0033217138910750766,0.0033217138910753004,0.0033217138910752106,0.0033217138910756915,0.003321713891075277,0.0033217138910754157
7,0.0003893192000268979,0.00038931920002680204,0.0003893192000268135,0.00038931920002671254,0.00038931920002658926,0.00038931920002665686
8,,0.011422849913049805,0.009414269576949286,0.011815989887962015,0.010529039464361118,0.006693697608682532
