col,contribution,shap
age,0.0,-3.3918770153986775
sex,149.60986469406413,108.28705687174053
bmi,-1.1631525510308838,16.107441162933828
bp,0.0,-2.2747390759013513
s1,0.0,0.8894997709905005
s2,0.0,-0.7268918656790103
s3,0.0,2.540536280467162
s4,0.0,-1.2302938916288382
s5,27.557852832747184,55.17216438979764
s6,0.0,0.6316683484584323
